{"cameraMode":{"drawMode":0,"name":"Shaded","section":"Shading Mode"},"sceneLighting":false,"audioPlay":false,"sceneViewState":{"showFog":true,"showMaterialUpdate":false,"showSkybox":false,"showFlares":true,"showImageEffects":true,"showParticleSystems":true},"in2DMode":false,"pivot":{"x":5.143731117248535,"y":12.500141143798829,"z":-1.6352028846740723},"rotation":{"x":-0.05245710164308548,"y":-0.8078737854957581,"z":0.07274991273880005,"w":-0.5825104713439941},"size":3.1037063598632814,"orthographic":true}