{"cameraMode":{"drawMode":0,"name":"Shaded","section":"Shading Mode"},"sceneLighting":false,"audioPlay":false,"sceneViewState":{"showFog":true,"showMaterialUpdate":false,"showSkybox":false,"showFlares":true,"showImageEffects":true,"showParticleSystems":true},"in2DMode":false,"pivot":{"x":6.976223468780518,"y":10.90518569946289,"z":-0.37375831604003909},"rotation":{"x":-0.05245710164308548,"y":-0.8078737854957581,"z":0.07274991273880005,"w":-0.5825104713439941},"size":3.5204761028289797,"orthographic":false}