{"cameraMode":{"drawMode":0,"name":"Shaded","section":"Shading Mode"},"sceneLighting":false,"audioPlay":false,"sceneViewState":{"showFog":true,"showMaterialUpdate":false,"showSkybox":false,"showFlares":true,"showImageEffects":true,"showParticleSystems":true},"in2DMode":false,"pivot":{"x":6.798095226287842,"y":11.614051818847657,"z":-1.7254786491394044},"rotation":{"x":0.2633901834487915,"y":-0.47090455889701846,"z":0.14974994957447053,"w":0.8285689949989319},"size":3.006206750869751,"orthographic":false}