{"cameraMode":{"drawMode":0,"name":"Shaded","section":"Shading Mode"},"sceneLighting":false,"audioPlay":false,"sceneViewState":{"showFog":true,"showMaterialUpdate":false,"showSkybox":false,"showFlares":true,"showImageEffects":true,"showParticleSystems":true},"in2DMode":false,"pivot":{"x":0.0,"y":29.75000762939453,"z":34.500003814697269},"rotation":{"x":0.11024926602840424,"y":0.7356846332550049,"z":-0.12349161505699158,"w":0.6567898988723755},"size":167.79983520507813,"orthographic":false}