{"cameraMode":{"drawMode":0,"name":"Shaded","section":"Shading Mode"},"sceneLighting":false,"audioPlay":false,"sceneViewState":{"showFog":true,"showMaterialUpdate":false,"showSkybox":false,"showFlares":true,"showImageEffects":true,"showParticleSystems":true},"in2DMode":false,"pivot":{"x":6.659266471862793,"y":12.709135055541993,"z":-2.690258502960205},"rotation":{"x":-0.015753714367747308,"y":0.9784750938415527,"z":-0.18900345265865327,"w":-0.08159761875867844},"size":2.623194456100464,"orthographic":false}