{"cameraMode":{"drawMode":0,"name":"Shaded","section":"Shading Mode"},"sceneLighting":false,"audioPlay":false,"sceneViewState":{"showFog":true,"showMaterialUpdate":false,"showSkybox":false,"showFlares":true,"showImageEffects":true,"showParticleSystems":true},"in2DMode":false,"pivot":{"x":6.798095226287842,"y":11.614051818847657,"z":-1.7254786491394044},"rotation":{"x":-0.015753714367747308,"y":0.9784750938415527,"z":-0.18900345265865327,"w":-0.08159761875867844},"size":3.006206750869751,"orthographic":false}