{"cameraMode":{"drawMode":0,"name":"Shaded","section":"Shading Mode"},"sceneLighting":false,"audioPlay":false,"sceneViewState":{"showFog":true,"showMaterialUpdate":false,"showSkybox":false,"showFlares":true,"showImageEffects":true,"showParticleSystems":true},"in2DMode":false,"pivot":{"x":5.143731117248535,"y":12.500141143798829,"z":-1.6352028846740723},"rotation":{"x":-0.015753714367747308,"y":0.9784750938415527,"z":-0.18900345265865327,"w":-0.08159761875867844},"size":3.1037063598632814,"orthographic":false}