{"cameraMode":{"drawMode":0,"name":"Shaded","section":"Shading Mode"},"sceneLighting":false,"audioPlay":false,"sceneViewState":{"showFog":true,"showMaterialUpdate":false,"showSkybox":false,"showFlares":true,"showImageEffects":true,"showParticleSystems":true},"in2DMode":false,"pivot":{"x":6.976223468780518,"y":10.90518569946289,"z":-0.37375831604003909},"rotation":{"x":-0.4174543023109436,"y":0.464224636554718,"z":-0.26352766156196597,"w":-0.7353794574737549},"size":3.5204761028289797,"orthographic":false}