{"cameraMode":{"drawMode":0,"name":"Shaded","section":"Shading Mode"},"sceneLighting":true,"audioPlay":false,"sceneViewState":{"showFog":true,"showMaterialUpdate":false,"showSkybox":true,"showFlares":true,"showImageEffects":true,"showParticleSystems":true},"in2DMode":false,"pivot":{"x":0.34950554370880129,"y":0.8470633625984192,"z":573.5590209960938},"rotation":{"x":0.0021007508039474489,"y":0.9882540702819824,"z":-0.15220129489898683,"w":0.013639912009239197},"size":4.374258041381836,"orthographic":false}