{"cameraMode":{"drawMode":0,"name":"Shaded","section":"Shading Mode"},"sceneLighting":false,"audioPlay":false,"sceneViewState":{"showFog":true,"showMaterialUpdate":false,"showSkybox":false,"showFlares":true,"showImageEffects":true,"showParticleSystems":true},"in2DMode":false,"pivot":{"x":0.0,"y":29.75000762939453,"z":20.000003814697267},"rotation":{"x":-0.16230644285678864,"y":-0.07462286949157715,"z":-0.012310964055359364,"w":0.9838384389877319},"size":134.05935668945313,"orthographic":true}